patient_id,side,status,reference_rater_1,reference_rater_2,reference_consensus,spf_assessable,rim_assessable,mucosal_patch_reviewed,algorithm_mode,raw_output_path,anatomically_accepted,active_reference_minutes,active_correction_minutes,failure_reason,run_id
P001,R,not_started,,,,,,,,,,,,,
P001,L,not_started,,,,,,,,,,,,,
P002,R,not_started,,,,,,,,,,,,,
P002,L,not_started,,,,,,,,,,,,,
P003,R,not_started,,,,,,,,,,,,,
P003,L,not_started,,,,,,,,,,,,,
P004,R,not_started,,,,,,,,,,,,,
P004,L,not_started,,,,,,,,,,,,,
P005,R,not_started,,,,,,,,,,,,,
P005,L,not_started,,,,,,,,,,,,,
P006,R,not_started,,,,,,,,,,,,,
P006,L,not_started,,,,,,,,,,,,,
P007,R,not_started,,,,,,,,,,,,,
P007,L,not_started,,,,,,,,,,,,,
P008,R,not_started,,,,,,,,,,,,,
P008,L,not_started,,,,,,,,,,,,,
P009,R,not_started,,,,,,,,,,,,,
P009,L,not_started,,,,,,,,,,,,,
P010,R,not_started,,,,,,,,,,,,,
P010,L,not_started,,,,,,,,,,,,,
P011,R,not_started,,,,,,,,,,,,,
P011,L,not_started,,,,,,,,,,,,,
P012,R,not_started,,,,,,,,,,,,,
P012,L,not_started,,,,,,,,,,,,,
